ID,Station_Name,OS X,OS Y,Latitude,Longitude,Zone,Postcode,Zone_original
1,Abbey Road,539081,183352,51.53195199547290,0.003723371,3,E15 3NB,3
2,Abbey Wood,547297,179002,51.49078429543710,0.12027197064065100,4,SE2 9RH,4
3,Acton Central,520613,180299,51.508757351253400,-0.263430195,2,W3 6BH,2
4,Acton Main Line,520296,181196,51.516886495162900,-0.267689948,3,W3 9EH,3
5,Acton Town,519457,179639,51.50307098636340,-0.280302697,3,W3 8HN,3
6,Addington Village,537082,163744,51.35623853949500,-0.0326651,3,CR0 5AR,"3,4,5,6"
7,Addiscombe,534190,166290,51.37980817216770,-0.073213283,3,CR0 7AA,"3,4,5,6"
8,Albany Park,547903,172902,51.435815816166300,0.1264446387204620,5,DA5 3HP,5
9,Aldgate,533629,181246,51.51434226,-0.075626912,1,EC3N 1AH,1
10,Aldgate East,533809,181333,51.515081505698700,-0.073001462,1,E1 7PT,1
11,Alexandra Palace,530300,190498,51.59826262860600,-0.120148971,3,N22 7ST,3
12,All Saints,538012,180933,51.51047690641240,-0.012624885,2,E14 0EH,2
13,Alperton,518025,183849,51.54120878643840,-0.299515753,4,HA0 4LL,4
14,Amersham,496454,198181,51.674128328342700,-0.606513768,9,HP6 5AZ,9
15,Ampere Way,530674,166476,51.38229921988810,-0.123636798,3,CR0 3JX,"3,4,5,6"
16,Anerley,534656,169942,51.41251661375110,-0.0651371,4,SE20 8PY,4
17,Angel,531497,183263,51.53296784539840,-0.105581448,1,N1 8XB,1
18,Angel Road,535204,192202,51.612420242475800,-0.048732919,4,N18 3AY,4
19,Archway,529356,186827,51.56549031545970,-0.135121576,2,N19 5RQ,"2,3"
20,Arena,535192,167620,51.391522658988500,-0.05831855,3,SE25 4RY,"3,4,5,6"
21,Arnos Grove,529271,192471,51.616229924551400,-0.134270218,4,N11 1AN,4
22,Arsenal,531429,186107,51.55854120559970,-0.105499933,2,N5 1LP,2
23,Avenue Road,535764,169335,51.406797904315400,-0.049446937,3,BR3 4NJ,"3,4,5,6"
24,Baker Street,527965,182078,51.52312936605880,-0.156904193,1,NW1 5LA,1
25,Balham,528482,173195,51.443182314397000,-0.152685162,3,SW12 9SG,3
26,Bank,532704,181111,51.51334691914180,-0.089000123,1,EC3V 3LA,1
27,Banstead,524590,160426,51.32929277590570,-0.213132334,6,SM7 1RB,6
28,Barbican,532079,181859,51.520215126107800,-0.097721578,1,EC1A 4JA,1
29,Barking,544405,184343,51.53952124839740,0.08083161,4,IG11 8TU,4
30,Barkingside,544788,189510,51.58585076146280,0.08847664,4,IG6 1NB,4
31,Barnehurst,550206,176193,51.464780553326300,0.16094802394688500,6,DA7 6HQ,6
32,Barnes,522209,175705,51.46712737869090,-0.242033059,3,SW13 0LW,3
33,Barnes Bridge,521478,176255,51.47222764,-0.252362613,3,SW13 0NR,3
34,Barons Court,524133,178322,51.49022833,-0.213430142,2,W14 9DP,2
35,Battersea Park,528703,176999,51.47731808303140,-0.14812376,2,SW8 4NB,2
36,Battersea Power Station,529122,177252,51.479496343757300,-0.142001351,1,SW11 8AL,1
37,Bayswater,525845,180799,51.51211098317960,-0.187901572,1,W2 4QH,1
38,Beckenham Hill,538002,171379,51.42462603356410,-0.016495762,4,SE6 3NU,4
39,Beckenham Junction,537403,169840,51.410941601884700,-0.025701739,4,BR3 1HY,4
40,Beckenham Road,536177,169650,51.40952967986140,-0.043391922,3,BR3 4RR,"3,4,5,6"
41,Beckton,543145,181509,51.51437673300680,0.061525297,3,E6 5NT,3
42,Beckton Park,542697,180887,51.50890088618670,0.054821939,3,E6 5NE,3
43,Becontree,547598,184442,51.53958561974400,0.12688029269359400,5,RM9 4TP,5
44,Beddington Lane,529367,167215,51.389239651469800,-0.142138433,3,CR0 4TF,"3,4,5,6"
45,Belgrave Walk,526805,168455,51.400961356342700,-0.178496472,3,CR4 4NY,"3,4,5,6"
46,Bellingham,537702,172399,51.433864862646100,-0.02041177,3,SE6 3BT,3
47,Belmont,525500,162098,51.34411959994200,-0.199489251,5,SM2 6BH,5
48,Belsize Park,527399,185075,51.55019061178190,-0.163974491,2,NW3 2AL,2
49,Belvedere,549498,179197,51.49195925487850,0.15203379329231400,5,DA17 6JW,5
50,Bermondsey,534461,179445,51.49796067750630,-0.06433009,2,SE16 4RX,2
51,Berrylands,519728,168040,51.39876794902150,-0.280321473,5,KT5 8LT,5
52,Bethnal Green,534995,182712,51.527191653122100,-0.055392111,2,E2 0ET,2
53,Bethnal Green Rail,534683,182380,51.524282643710500,-0.060013742,2,E2 6JL,2
54,Bexley,549399,173502,51.44081477613680,0.1482039142729930,6,DA5 1AQ,6
55,Bexleyheath,548294,176000,51.46355017881960,0.13336296607247600,5,DA7 4AA,5
56,Bickley,542304,168799,51.400379644488500,0.044304031699826500,5,BR1 2EB,5
57,Birkbeck,535297,168996,51.40386300465970,-0.056286236,4,BR3 4TA,4
58,Blackfriars,531738,180890,51.511586761695000,-0.102995385,1,EC4V 4DD,1
59,Blackheath,539604,175961,51.46540802722940,0.008336595,3,SE3 9LE,3
60,Blackhorse Lane,534362,166844,51.384746070367600,-0.070533948,3,CR0 6NL,"3,4,5,6"
61,Blackhorse Road,535914,189256,51.58577656484630,-0.039625711,3,E17 6JJ,3
62,Blackwall,538394,180649,51.50783153133500,-0.007235166,2,E14 9QB,2
63,Bond Street,528497,181053,51.513797282327400,-0.149613609,1,W1C 2HU,1
64,Borough,532379,179734,51.50104871772220,-0.094197323,1,SE1 1JX,1
65,Boston Manor,516391,178755,51.49576500584810,-0.324747183,4,TW8 9LQ,4
66,Bounds Green,529996,191466,51.60703172061750,-0.124177065,3,N11 2EU,"3,4"
67,Bow Church,537414,182824,51.52761517272710,-0.020499899,2,E3 3AA,2
68,Bow Road,537148,182753,51.52704176950970,-0.024359591,2,E3 4DH,2
69,Bowes Park,530299,191498,51.60724932125090,-0.119792218,3,N22 8NL,"3,4"
70,Brent Cross,523905,187927,51.57659886839310,-0.213335838,3,NW11 9UA,3
71,Brentford,517462,177864,51.487535802426800,-0.309622531,4,TW8 9LF,4
72,Brentwood,559321,193036,51.613610829903100,0.29967282145821800,7,CM14 4EW,7
73,Brimsdown,536297,196997,51.65524456622430,-0.031092277,5,EN3 7NA,5
74,Brixton,531076,175437,51.46273661697820,-0.114552097,2,SW9 8HE,2
75,Brockley,536405,175801,51.46474960336700,-0.03774825,2,SE4 2RW,2
76,Bromley North,540395,169699,51.40894234206780,0.017235451958710200,4,BR1 3NN,4
77,Bromley South,540431,168705,51.40000131982640,0.01735958,5,BR1 1LX,5
78,Bromley-by-Bow,538034,182532,51.524840183700900,-0.011682374,2,E3 3BT,"2,3"
79,Brondesbury,524718,184460,51.54526203281230,-0.202838483,2,NW6 7QL,2
80,Brondesbury Park,524202,183898,51.54032502366850,-0.210473944,2,NW6 6RP,2
81,Broxbourne,537407,207240,51.747015552729800,-0.011024084,9,EN10 7AW,9
82,Bruce Grove,533758,190115,51.59401113363420,-0.070398989,3,N17 8AD,3
83,Buckhurst Hill,541768,193957,51.62657674004730,0.046712541,5,IG9 5ET,5
84,Burnham,494007,181378,51.52350398967750,-0.646388208,9,SL1 6JT,
85,Burnt Oak,520303,190728,51.60255148173760,-0.264330708,4,HA8 0LA,4
86,Bush Hill Park,533696,195396,51.641481848544500,-0.069280412,5,EN1 1BA,5
87,Bushey,511860,195318,51.645543532577400,-0.384721533,8,WD19 4ST,8
88,Caledonian Road,530568,184899,51.54788524982810,-0.118360861,2,N7 9BA,2
89,Caledonian Road and Barnsbury,530800,184393,51.543284389381700,-0.115204856,2,N1 0SL,2
90,Cambridge Heath,534855,183250,51.53205967,-0.057203201,2,E2 7NA,2
91,Camden Road,529140,184191,51.54185100885650,-0.139203111,2,NW1 9LQ,2
92,Camden Town,528920,183976,51.53996912160410,-0.14245238,2,NW1 8NH,2
93,Canada Water,535399,179493,51.498168331250900,-0.050807121,2,SE16 7BB,2
94,Canary Wharf,537558,180153,51.50357837512890,-0.01946684,2,E14 4QS,2
95,Canning Town,539454,181350,51.51387030350510,0.008305633,3,E16 1DQ,3
96,Cannon Street,532623,180888,51.51136194370190,-0.090250526,1,EC4N 6AP,1
97,Canonbury,532355,184979,51.54818823621240,-0.092574195,2,N1 2PG,2
98,Canons Park,518208,191246,51.60765009028540,-0.294391591,5,HA8 6RN,5
99,Carpenders Park,511826,193386,51.628186088758400,-0.385829315,7,WD19 7DT,7
100,Carshalton,527737,164858,51.36842609544170,-0.166398326,5,SM5 2HT,5
101,Carshalton Beeches,527552,163625,51.357386565323100,-0.169496324,5,SM5 3LG,5
102,Castle Bar Park,515853,181770,51.52297312488630,-0.33150407,4,W7 1AY,4
103,Caterham,534099,155422,51.28216269622900,-0.078607298,6,CR3 6LB,6
104,Catford,537245,173544,51.444264871170300,-0.026538499,3,SE6 4XT,3
105,Catford Bridge,537363,173595,51.44469458702000,-0.024821876,3,SE6 4RE,3
106,Centrale,532067,165785,51.37576730003020,-0.103888103,3,CR0 1XT,"3,4,5,6"
107,Chadwell Heath,547646,187611,51.56804709196960,0.12890111256818000,5,RM6 4BE,5
108,Chafford Hundred,558922,178770,51.485554969647100,0.2874757055480310,7,RM16 6QQ,7
109,Chalfont and Latimer,499610,197550,51.66790656389210,-0.561067759,8,HP7 9PR,8
110,Chalk Farm,528126,184421,51.54414883734660,-0.15373307,2,NW3 2BP,2
111,Chancery Lane,531096,181642,51.518493835819900,-0.111962027,1,WC1V 6DR,1
112,Charing Cross,530234,180492,51.50835842818620,-0.124802937,1,WC2N 5HS,1
113,Charlton,541108,178387,51.48683504159720,0.030941644861415000,3,SE7 7AB,3
114,Cheam,524444,163334,51.35545989418580,-0.214211281,5,SM3 8RZ,5
115,Chelsfield,546944,164021,51.35626476,0.1089841204169230,6,BR6 6EU,6
116,Chesham,496048,201650,51.705379023301300,-0.611429635,9,HP5 1DH,9
117,Cheshunt,536652,202307,51.70287327834180,-0.023887415,8,EN8 9AQ,8
118,Chessington North,518415,164168,51.364242952267200,-0.300476124,6,KT9 2RT,6
119,Chessington South,517974,163319,51.35670402954920,-0.307089015,6,KT9 2DD,6
120,Chigwell,543835,193045,51.61785799974180,0.076179215,4,IG7 6NT,4
121,Chingford,539173,194628,51.63325339188140,0.009514326,5,E4 6AL,5
122,Chipstead,527689,158275,51.30927470676410,-0.169445868,6,CR5 3TD,6
123,Chislehurst,543205,169405,51.405598505329700,0.057491822,5,BR7 5NN,5
124,Chiswick,520438,177182,51.48078105961510,-0.267013318,3,W4 2QE,3
125,Chiswick Park,520352,178692,51.494370277942700,-0.267736918,3,W4 5NE,3
126,Chorleywood,502596,196092,51.65426508092770,-0.518333911,7,WD3 5ND,7
127,Church Street,532041,165555,51.37370639339630,-0.104346828,3,CR0 1RN,"3,4,5,6"
128,City Thameslink,531688,181150,51.513934900660100,-0.103618449,1,EC4M 7JH,1
129,Clapham Common,529428,175291,51.461803445807900,-0.138314901,2,SW4 7AJ,2
130,Clapham High Street,529824,175709,51.46546929922250,-0.132464502,2,SW4 6DQ,2
131,Clapham Junction,527198,175520,51.464366507789400,-0.170315001,2,SW11 2QP,2
132,Clapham North,530003,175652,51.46491600472910,-0.129910062,2,SW4 7TS,2
133,Clapham South,528782,174259,51.45267624920500,-0.147984068,2,SW12 9DU,"2,3"
134,Clapton,534748,186531,51.56156899642490,-0.057489458,2,E5 9JP,2
135,Clock House,536367,169545,51.408540496896900,-0.040702092,4,BR3 4PR,4
136,Cockfosters,528087,196424,51.65202423620420,-0.14991671,5,EN4 0DZ,5
137,Colindale,521295,189937,51.59523010894070,-0.25028754,4,NW9 5HR,4
138,Colliers Wood,526831,170436,51.41875889952970,-0.177415098,3,SW19 2HR,3
139,Coombe Lane,535201,164089,51.359789214486200,-0.059531571,3,CR0 5RF,"3,4,5,6"
140,Coulsdon South,529869,159056,51.31580072052950,-0.137903089,6,CR5 3EA,6
141,Coulsdon Town,530098,159802,51.32245273545390,-0.134347056,6,CR5 2JA,6
142,Covent Garden,530242,180982,51.51276003353220,-0.124506894,1,WC2E 9JT,1
143,Crayford,551479,174424,51.44854705225510,0.17850271816040400,6,DA1 3PY,6
144,Crews Hill,530973,200109,51.68447443881020,-0.1068441,6,EN2 8AY,6
145,Cricklewood,524009,185907,51.55842232306200,-0.212547931,3,NW2 1HL,3
146,Crofton Park,536517,174739,51.45517923504130,-0.036546582,3,SE4 2RA,3
147,Crossharbour and London Arena,537896,179301,51.495839957405100,-0.014932813,2,E14 8AD,2
148,Crouch Hill,530586,187508,51.57132690836760,-0.117133284,3,N4 4AU,3
149,Croxley,507921,195395,51.64700456011120,-0.441603787,7,WD3 3DY,7
150,Crystal Palace,534120,170557,51.418170235167800,-0.072607232,3,SE19 2AZ,"3,4"
151,Custom House,540679,180911,51.50962210163040,0.025772510305280600,3,E16 3BX,3
152,Cutty Sark for Maritime Greenwich,538240,177764,51.48194445322960,-0.010581867,2,SE10 9SW,2
153,Cyprus,543324,180863,51.50852668850100,0.063840756,3,E6 5PH,3
154,Dagenham Dock,548900,183000,51.526287437082100,0.14503101528852500,5,RM9 6RA,5
155,Dagenham East,550284,185033,51.54418761328960,0.16583343330916700,5,RM10 8AA,5
156,Dagenham Heathway,549035,184665,51.54121203550140,0.14767972147400300,5,RM9 5AN,5
157,Dalston Junction,533580,184778,51.54609359547850,-0.074994204,2,E8 3DL,2
158,Dalston Kingsland,533487,185062,51.54866769606560,-0.076226922,2,E8 2JS,2
159,Debden,544275,196133,51.64549214152590,0.083801475,6,IG10 3TG,6
160,Denmark Hill,532697,176087,51.468200492925100,-0.090987869,2,SE5 8BB,2
161,Deptford,537165,177395,51.47889004331760,-0.02619632,2,SE8 3NU,2
162,Deptford Bridge,537466,176912,51.47447673839480,-0.022052429,2,SE10 8BU,"2,3"
163,Devons Road,537603,182233,51.52225844074300,-0.018007754,2,E3 3QX,2
164,Dollis Hill,522207,185132,51.55185020227430,-0.238797758,3,NW10 5NB,3
165,Drayton Green,516002,180998,51.51600413801540,-0.329611253,4,W13 0JX,4
166,Drayton Park,531426,185499,51.553078136383200,-0.105770199,2,N5 1NT,2
167,Dundonald Road,524741,170233,51.41739780912450,-0.20752711,3,SW19 3QJ,"3,4,5,6"
168,Ealing Broadway,517920,180915,51.51486148277940,-0.302010376,3,W5 2NU,3
169,Ealing Common,518963,180426,51.510248187933700,-0.287151413,3,W5 3LD,3
170,Earls Court,525457,178480,51.49135635619760,-0.194313807,1,SW5 9QA,"1,2"
171,Earlsfield,526081,173030,51.4422385,-0.187272687,3,SW18 4SW,3
172,East Acton,521656,181159,51.51626301045360,-0.248112221,2,W12 0BP,2
173,East Croydon,532904,165801,51.37571595390630,-0.091863496,5,CR0 1LF,5
174,East Dulwich,533449,175375,51.46162545364040,-0.080436571,2,SE22 8EF,2
175,East Finchley,527242,189204,51.58733228,-0.164743884,3,N2 0NW,3
176,East Ham,542373,184255,51.53924625194370,0.051516293480576200,3,E6 2JA,"3,4"
177,East India,538729,180753,51.50868401,-0.002370332,2,E14 9PS,"2,3"
178,East Putney,524387,174840,51.45887944035380,-0.210998232,2,SW15 6SN,"2,3"
179,Eastcote,511191,187627,51.57655117614090,-0.39682329,5,HA5 1QZ,5
180,Eden Park,537396,167598,51.390796061855000,-0.026669716,5,BR3 3HQ,5
181,Edgware,519527,192009,51.61422917451510,-0.275093662,5,HA8 7AW,5
182,Edgware Road,527026,181778,51.520645084536100,-0.17053955,1,W2 1DY,1
183,Edgware Road,527227,181711,51.519997771093400,-0.167668253,1,NW1 5DH,1
184,Edmonton Green,534273,193590,51.62511560436450,-0.061639019,4,N9 9DX,4
185,Elephant and Castle,531940,179144,51.49584922002920,-0.100738714,1,SE1 6LW,"1,2"
186,Elm Park,552446,185647,51.54912490990790,0.19725268428342700,6,RM12 4RW,6
187,Elmers End,535788,168389,51.39829103016250,-0.049463832,4,BR3 4EJ,4
188,Elmstead Woods,542247,170656,51.41708070663450,0.044229343,4,BR7 5EW,4
189,Elstree and Borehamwood,519098,196299,51.65287512084610,-0.279828615,6,WD6 3LS,6
190,Eltham,542690,174962,51.45566230922670,0.052329308,4,SE9 6UB,4
191,Elverson Road,537848,176243,51.468372165038500,-0.016816376,2,SE8 4LA,"2,3"
192,Embankment,530406,180380,51.50731229694680,-0.122367336,1,WC2N 6NS,1
193,Emerson Park,553971,187918,51.56911527219530,0.22022293719981100,6,RM11 2JR,6
194,Enfield Chase,532181,196607,51.65272196544720,-0.090704205,5,EN2 7AA,5
195,Enfield Lock,536437,198737,51.67084607825660,-0.02839107,6,EN3 6BW,6
196,Enfield Town,532970,196544,51.65196994515370,-0.079329922,5,EN1 1YB,5
197,Epping,546197,201552,51.69368635497800,0.11382555351421200,6,CM16 4HW,6
198,Epsom Downs,522805,159756,51.32365904938120,-0.238970223,6,KT17 4JX,6
199,Erith,551075,178096,51.48164796323430,0.17426129102681500,6,DA8 1TY,6
200,Essex Road,532114,184132,51.54063315566610,-0.096365525,2,N1 2SU,2
201,Euston,529587,182735,51.52866411,-0.133296471,1,NW1 2DU,1
202,Euston Square,529587,182735,51.52866411,-0.133296471,1,NW1 2BN,1
203,Ewell East,522571,162152,51.345243482663100,-0.241502998,6,KT17 1QR,6
204,Ewell West,521473,162654,51.34999072305870,-0.257089129,6,KT17 1TU,6
205,Fairlop,544902,190655,51.59610969417490,0.09059328,4,IG6 3HD,4
206,Falconwood,544498,175394,51.45908592772000,0.078509693,4,SE9 2RN,4
207,Farringdon,531585,181844,51.52019551919780,-0.104843061,1,EC1M 6BY,1
208,Feltham,510601,173298,51.44787850388710,-0.409824471,6,TW13 4BY,6
209,Fenchurch Street,533434,180932,51.511566579850800,-0.078554152,1,EC3M 4AJ,1
210,Fieldway,537665,163212,51.35131696970670,-0.024503265,3,CR0 0QA,"3,4,5,6"
211,Finchley Central,525232,190664,51.60090293685640,-0.193220635,4,N3 2RY,4
212,Finchley Road,526293,184703,51.547095906434400,-0.180050559,2,NW6 3BS,2
213,Finchley Road and Frognal,526035,185033,51.55011920011290,-0.183651201,2,NW3 5HT,2
214,Finsbury Park,531385,186784,51.564635274841400,-0.105881486,2,N4 3JU,2
215,Forest Gate,540447,185322,51.54931616108420,0.024189091543256300,3,E7 0QH,3
216,Forest Hill,535398,172943,51.43930822760030,-0.053328504,3,SE23 3HD,3
217,Fulham Broadway,525402,177244,51.480260585746300,-0.195544162,2,SW6 1BY,2
218,Fulwell,514832,171841,51.433941995205700,-0.349438518,6,TW2 5NY,6
219,Gallions Reach,543873,180935,51.50903426024890,0.071775395,3,E6 6FZ,3
220,Gants Hill,543266,188432,51.57655306294170,0.066084098,4,IG2 6UD,4
221,George Street,532432,165594,51.37396589757680,-0.098718105,3,CRO 1LA,"3,4,5,6"
222,Gidea Park,552941,189306,51.581866086649700,0.20597698312646700,6,RM2 6BX,6
223,Gipsy Hill,533321,171237,51.42446938789820,-0.083835167,3,SE19 1PL,3
224,Gloucester Road,526196,178848,51.494499259625200,-0.183543558,1,SW7 4SF,1
225,Golders Green,525199,187471,51.57221521685040,-0.194834557,3,NW11 7RN,3
226,Goldhawk Road,523131,179616,51.502076596636800,-0.227404003,2,W12 8EG,2
227,Goodge Street,529505,181837,51.52061289126980,-0.134807689,1,W1T 2HF,1
228,Goodmayes,546462,187369,51.566181168031900,0.11172965502875000,4,IG3 9UH,4
229,Gordon Hill,531889,197799,51.66350208554500,-0.094473299,5,EN2 0QU,5
230,Gospel Oak,528263,185677,51.555405048065400,-0.151301031,2,NW5 1LT,2
231,Grange Hill,544963,192590,51.61348057933540,0.09227253,4,IG7 5QB,4
232,Grange Park,531753,195472,51.64262292064850,-0.097314423,5,N21 1RE,5
233,Gravel Hill,536359,163536,51.35454318729640,-0.043121699,3,CR0 5BJ,"3,4,5,6"
234,Great Portland Street,528861,182174,51.52378856271790,-0.143961424,1,W1W 5PP,1
235,Green Park,529012,180283,51.50676025371460,-0.142477574,1,W1J 7BX,1
236,Greenford,514808,183861,51.54197950701460,-0.345878733,4,UB6 8PR,4
237,Greenwich,537956,177267,51.47754764253430,-0.014863084,2,SE10 8JQ,"2,3"
238,Grove Park,540702,172099,51.43043268339480,0.022598502190233900,4,SE12 0PW,4
239,Gunnersbury,519843,178401,51.49186296322990,-0.275164131,3,W4 5RP,3
240,Hackbridge,528582,165929,51.377860649835700,-0.153879197,4,SM6 7BJ,4
241,Hackney Central,534922,184943,51.54725735659260,-0.055589512,2,E8 1LL,2
242,Hackney Downs,534598,185137,51.54907798925830,-0.060185105,2,E8 1LA,2
243,Hackney Wick,537036,184588,51.54355836778060,-0.025259503,2,E9 5ER,2
244,Hadley Wood,526197,198199,51.66840258482290,-0.176581188,6,EN4 0EJ,6
245,Haggerston,533560,183953,51.53868460901330,-0.075595258,2,E8 4DY,2
246,Hainault,545124,191411,51.602845483752300,0.094108551,4,IG6 3BD,4
247,Hammersmith,523474,178483,51.49181941355720,-0.222860926,2,W6 9YA,2
248,Hammersmith,523346,178665,51.49348298668770,-0.224640155,2,W6 0ED,2
249,Hampstead,526408,185757,51.55654230644870,-0.178014558,2,NW3 1QG,2
250,Hampstead Heath,527344,185631,51.555199657702000,-0.164566182,3,NW3 2QD,3
251,Hampton,513299,169797,51.415878944953700,-0.372135246,6,TW12 2HU,6
252,Hampton Court,515376,168332,51.40229331804950,-0.342757145,6,KT8 9AE,6
253,Hampton Wick,517407,169752,51.414639531606200,-0.313103604,6,KT1 4DQ,6
254,Hanger Lane,518506,182621,51.53007156,-0.292996141,3,W5 1DL,3
255,Hanwell,515426,180560,51.512185406676000,-0.338051878,4,W7 3EB,4
256,Harlesden,520952,183367,51.536257908620400,-0.25749567,3,NW10 8UT,3
257,Harold Wood,554858,190626,51.59320260393050,0.23420407665837300,6,RM3 0BL,6
258,Harringay,531395,188200,51.57735773978010,-0.105208252,3,N4 1RW,3
259,Harringay Green Lanes,531880,188189,51.57714573,-0.098217391,3,N4 2NU,3
260,Harrington Road,535002,168535,51.399790474914600,-0.060699954,3,SE25 4NF,"3,4,5,6"
261,Harrow and Wealdstone,515486,189508,51.59259408808770,-0.334252679,5,HA3 7RF,5
262,Harrow-on-the-Hill,515329,188035,51.57938757,-0.337001511,5,HA1 1BB,5
263,Hatch End,513024,191370,51.609827902244900,-0.369178773,6,HA5 5LZ,6
264,Hatton Cross,509614,175369,51.466684612991000,-0.423380553,5,TW6 3PF,"5,6"
265,Haydons Road,526012,171161,51.425457011112900,-0.188929357,3,SW19 8SL,3
266,Hayes,540003,165993,51.37573672611430,0.010142652470698800,5,BR2 7EN,5
267,Hayes and Harlington,509717,179417,51.50304838798410,-0.420641893,5,UB3 4BX,5
268,Headstone Lane,513892,190574,51.602499044558400,-0.356907507,5,HA2 6NB,5
269,Heathrow Terminal 4,507939,174565,51.459779698532400,-0.447729578,6,TW6 3AA,6
270,Heathrow Terminal 5,504934,175642,51.47002462,-0.490647489,6,TW6 2GA,6
271,Heathrow Terminals 1 2 3,507587,175838,51.471288661913300,-0.452407214,6,TW6 1EB,6
272,Hendon,522143,188271,51.58007459514270,-0.238630517,3,NW4 4PT,"3,4"
273,Hendon Central,522959,188631,51.583132678162100,-0.226734137,3,NW4 3AS,"3,4"
274,Herne Hill,531934,174486,51.45399120427040,-0.102562908,2,SE24 0JW,"2,3"
275,Heron Quays,537386,180127,51.50338653553160,-0.021953532,2,E14 4JH,2
276,High Barnet,525027,196310,51.65168793826680,-0.194165378,5,EN5 5RP,5
277,High Street Kensington,525622,179527,51.50072913416870,-0.191566055,1,W8 5SA,1
278,Highams Park,538581,191841,51.608355995963900,-0.000135286,4,E4 9LA,4
279,Highbury and Islington,531562,184770,51.54649533885000,-0.104082139,2,N1 1SE,2
280,Highgate,528503,188158,51.57764637933850,-0.146934861,3,N6 5BH,3
281,Hillingdon,507567,185015,51.553776781763700,-0.449897982,6,UB10 9NR,6
282,Hither Green,538997,174497,51.452401723236500,-0.000970912,3,SE13 5NF,3
283,Holborn,530553,181488,51.51723554139570,-0.119840507,1,WC2B 6AA,1
284,Holland Park,524564,180215,51.50714614814040,-0.206557775,2,W11 3RB,2
285,Holloway Road,530930,185457,51.552815921064400,-0.112935696,2,N7 8HS,2
286,Homerton,536108,184901,51.54659538619650,-0.038512347,2,E9 5SD,2
287,Honor Oak Park,536002,174221,51.450648171040500,-0.044153121,3,SE23 3LE,3
288,Hornchurch,553931,186274,51.55435547079000,0.21892699941117600,6,RM12 6LS,6
289,Hornsey,530911,189202,51.58647467109520,-0.111815637,3,N8 8SE,3
290,Hounslow,513902,174998,51.46250422727280,-0.361796248,5,TW3 3DL,5
291,Hounslow Central,513592,175928,51.470925168799900,-0.365958121,4,TW3 1JG,4
292,Hounslow East,514327,176254,51.47370731480760,-0.355275314,4,TW3 4AB,4
293,Hounslow West,512215,176140,51.47310508637140,-0.38570762,5,TW3 3DH,5
294,Hoxton,533582,183142,51.53139149136720,-0.075585647,1,E2 8HR,"1,2"
295,Hyde Park Corner,528330,179801,51.502583765542100,-0.152474113,1,SW1X 7LY,1
296,Ickenham,508127,185811,51.56082433291200,-0.441579501,6,UB10 8PD,6
297,Ilford,543501,186501,51.55914235666760,0.068685191,4,IG1 4DU,4
298,Imperial Wharf,526299,176674,51.47493863003010,-0.182837503,2,SW6 2HA,2
299,Island Gardens,538228,178432,51.48795007358020,-0.010493303,2,E14 3FA,2
300,Isleworth,515570,176430,51.47503687348700,-0.337328758,4,TW7 4BX,4
301,Iver,503729,179898,51.50850130163600,-0.506740419,9,SL0 9AU,
302,Kenley,532400,160100,51.324600148977400,-0.101219712,6,CR8 5JA,6
303,Kennington,531660,178337,51.48866228881570,-0.105070613,2,SE11 4JQ,2
304,Kensal Green,523241,182784,51.53052384871880,-0.224713381,2,NW10 5JT,2
305,Kensal Rise,523501,183201,51.53421471,-0.220820976,2,NW10 3NT,2
306,Kensington,524324,179178,51.497879357125800,-0.21037924,2,W14 0NE,2
307,Kent House,535999,170000,51.412717586739800,-0.045815553,4,BR3 1JF,4
308,Kentish Town,529029,185096,51.55000929428180,-0.140471263,2,NW5 2AA,2
309,Kentish Town West,528603,184700,51.546547731815100,-0.146756409,2,NW5 3LD,2
310,Kenton,516833,188304,51.581495770351400,-0.315216861,4,HA3 0XS,4
311,Kew Bridge,518898,178172,51.490004145325700,-0.28884649,3,TW8 0EF,3
312,Kew Gardens,519173,176708,51.476788671230400,-0.285381007,9,TW9 3PZ,"3,4"
313,Kidbrooke,540999,175697,51.46269023697000,0.028300239,3,SE3 9NF,3
314,Kilburn,524589,184644,51.54694410286600,-0.204632717,2,NW6 7QL,2
315,Kilburn High Road,525553,183591,51.53726743072480,-0.191113104,2,NW6 7QL,2
316,Kilburn Park,525361,183349,51.53513522184340,-0.193966055,2,NW6 5AD,2
317,King George V,543231,180135,51.502008711932800,0.062206214109291700,3,E16 2JF,3
318,King Henry's Drive,537978,162558,51.34536406699130,-0.020264757,3,CR0 0LH,"3,4,5,6"
319,King's Cross,530312,182991,51.53079799248030,-0.122756421,1,N1 9AL,1
320,Kings Cross St. Pancras,530236,182935,51.53031226194630,-0.123872129,1,N1 9AL,1
321,Kingsbury,519361,188739,51.58487606349120,-0.278601604,4,NW9 9EG,4
322,Kingston,518244,169549,51.412641273140100,-0.301141035,6,KT1 1UJ,6
323,Kingswood,524816,156585,51.29472279,-0.211233224,6,KT20 6EN,6
324,Knightsbridge,527765,179650,51.50135463701890,-0.160664485,1,SW3 1ED,1
325,Knockholt,548499,162896,51.345752156534900,0.13083103983432000,6,TN14 7HR,6
326,Ladbroke Grove,524284,181328,51.51721033175280,-0.21019817,2,W10 6HJ,2
327,Ladywell,537716,174884,51.456192106185300,-0.019244401,3,SE13 7XB,3
328,Lambeth North,531165,179489,51.49912976538860,-0.11176826,1,SE1 7XG,1
329,Lancaster Gate,526711,180796,51.511890658328300,-0.175429927,1,W2 4QH,1
330,Langdon Park,537807,181863,51.51888391608370,-0.015213799,2,E14 6NW,2
331,Langley,501299,179800,51.50806077346540,-0.541770556,9,SL3 6DB,
332,Latimer Road,523789,180954,51.51395774487750,-0.217459663,2,W10 6SZ,2
333,Lea Bridge,536175,187133,51.56663620385150,-0.036683158,3,E10 7PG,3
334,Lebanon Road,533385,165756,51.37519886025050,-0.084973649,3,CR0 6SF,"3,4,5,6"
335,Lee,540002,174197,51.449458544442500,0.013364692382120500,3,SE12 9JG,3
336,Leicester Square,529987,180812,51.51129097417170,-0.128242147,1,WC2H 0AP,1
337,Lewisham,538163,175863,51.46488069551230,-0.012432701,2,SE13 7RY,"2,3"
338,Leyton,538295,186244,51.55813226231270,-0.006465332,3,E10 5PS,3
339,Leyton Midland Road,538150,187490,51.56936422878630,-0.008066347,3,E10 6JT,3
340,Leytonstone,539345,187429,51.56852230672620,0.009140452,3,E11 1HE,"3,4"
341,Leytonstone High Road,539298,186903,51.563807360364500,0.008254469,3,E11 4RE,3
342,Limehouse,536150,181087,51.51231210167660,-0.039380078,2,E14 7JD,2
343,Liverpool Street,533160,181596,51.51759813225400,-0.082249622,1,EC2M 7PR,1
344,Lloyd Park,533711,164549,51.36427540535570,-0.080746273,3,CR0 5RA,"3,4,5,6"
345,London Bridge,532937,180152,51.50467420930430,-0.086005598,1,SE1 2SW,1
346,London City Airport,542231,180294,51.503689745247400,0.047872716,3,E16 2DS,3
347,London Fields,534795,184212,51.54071874924930,-0.057699686,2,E8 3PH,2
348,Loughborough Junction,531902,175897,51.46667873454400,-0.102497341,2,SW9 8SA,2
349,Loughton,542314,195641,51.641570570828000,0.055279079287447900,6,IG10 4PD,6
350,Lower Sydenham,536831,171372,51.42484679051850,-0.033330341,4,SE26 5AU,4
351,Maida Vale,525967,182792,51.529994755621200,-0.185432645,2,W9 1JS,2
352,Maidenhead,488724,180745,51.518667426954100,-0.722674911,9,SL6 1EW,
353,Malden Manor,521101,166497,51.38460911046990,-0.261120412,4,KT3 5PN,4
354,Manor House,532074,187482,51.570746986190900,-0.095684976,2,N4 1BZ,"2,3"
355,Manor Park,541929,185757,51.55285442759390,0.04572387,3,E12 5EP,"3,4"
356,Mansion House,532347,180962,51.5120916,-0.094197657,1,EC4N 6JD,1
357,Marble Arch,527875,181056,51.51396523465940,-0.158571215,1,W1C 2JS,1
358,Maryland,539175,184881,51.54566828299750,0.005681654,3,E15 1SA,3
359,Marylebone,527510,181985,51.52239640326540,-0.163492562,1,NW1 6JJ,1
360,Maze Hill,539194,177909,51.48301366443110,0.003204897,3,SE10 9XG,3
361,Meridian Water,535062,191741,51.60831170899130,-0.050959906,4,N18 3HF,4
362,Merton Park,525182,169798,51.41339128096900,-0.201342029,3,SW19 3HA,"3,4,5,6"
363,Mile End,536577,182545,51.525310919564500,-0.032666084,2,E3 4DH,2
364,Mill Hill Broadway,521300,191900,51.61287072,-0.249537065,4,NW7 2JU,4
365,Mill Hill East,524057,191460,51.60831630368600,-0.20989571,4,NW7 1BS,4
366,Mitcham,527345,168082,51.397488336519400,-0.170871645,3,CR4 4BD,"3,4,5,6"
367,Mitcham Eastfields,528488,169323,51.40838366,-0.154001717,3,CR4 2ND,3
368,Mitcham Junction,528292,167611,51.39304231241260,-0.157436642,4,CR4 4HN,4
369,Monument,532907,180814,51.51063027735100,-0.086188313,1,EC4R 9AA,1
370,Moor Park,508563,193509,51.62992995953360,-0.432913016,6,HA6 2JQ,"6,7"
371,Moorgate,532688,181677,51.51843699583110,-0.089017687,1,EC2M 6TX,1
372,Morden,525664,168563,51.40218564474950,-0.19485198,4,SM4 5AZ,4
373,Morden Road,525788,169310,51.408871575514800,-0.192805675,3,SW19 3BX,"3,4,5,6"
374,Morden South,525301,167900,51.39630737175910,-0.20030156,4,SM4 5AN,4
375,Mornington Crescent,529193,183359,51.53436199274680,-0.138744349,2,NW1 2JA,2
376,Mortlake,520458,175779,51.46816750082650,-0.26720331,3,SW14 8LN,3
377,Motspur Park,522581,167724,51.395319236610300,-0.239439743,4,KT3 6JJ,4
378,Mottingham,542600,173197,51.43982506175580,0.050324202,4,SE9 4EN,4
379,Mudchute,537908,178789,51.491236163479100,-0.014959945,2,E14 9UW,2
380,Neasden,521415,185422,51.554627310041200,-0.250115042,3,NW10 1PH,3
381,New Addington,538187,162255,51.34259048309320,-0.017383327,3,CR0 0DE,"3,4,5,6"
382,New Barnet,526502,195996,51.64853648940240,-0.172969712,5,EN5 1QT,5
383,New Beckenham,536718,170463,51.41670549342140,-0.035304949,4,BR3 1QW,4
384,New Cross,536750,177110,51.47642936493700,-0.032278811,2,SE14 6LD,2
385,New Cross Gate,536250,176967,51.475264866034200,-0.039529052,2,SE14 6AR,2
386,New Eltham,544005,172999,51.43769077832160,0.070444619,4,SE9 2AB,4
387,New Malden,521392,168612,51.40355549,-0.256218102,4,KT3 4PX,4
388,New Southgate,528672,192218,51.61409343513600,-0.143009775,4,N11 1QH,4
389,Newbury Park,544947,188378,51.57563850646380,0.090303158,4,IG2 7RN,4
390,Nine Elms,530058,177332,51.48000104922920,-0.128500983,1,SW8 2NA,1
391,Norbiton,519424,169495,51.41190888768760,-0.284199943,5,KT2 7AZ,5
392,Norbury,530650,169690,51.41118830417270,-0.122799401,3,SW16 3RW,3
393,North Acton,520831,181937,51.523432004609900,-0.259729524,2,W3 6UP,"2,3"
394,North Dulwich,532950,174567,51.45448166721480,-0.08791868,2,SE21 7BX,"2,3"
395,North Ealing,518816,181243,51.51762181807100,-0.288993548,3,W5 3AF,3
396,North Greenwich,539168,179827,51.50025516,0.003586259,2,SE10 0PH,"2,3"
397,North Harrow,513540,188578,51.58463070784390,-0.362632986,5,HA2 7SR,5
398,North Sheen,519132,175442,51.46541914451980,-0.286397462,3,TW9 4QA,3
399,North Wembley,517663,186198,51.56239579644330,-0.303948214,4,HA0 3NT,4
400,Northfields,517051,179296,51.50049115689570,-0.315064813,3,W13 9QU,3
401,Northolt,513228,184519,51.54821230018010,-0.368440588,5,UB5 4AA,5
402,Northolt Park,513829,185579,51.55761846530490,-0.359434189,5,UB5 4XE,5
403,Northumberland Park,534861,191035,51.60201564713910,-0.054132025,3,N17 0HY,3
404,Northwick Park,516634,187967,51.578508169653000,-0.318199386,4,HA3 0AT,4
405,Northwood,509236,191441,51.611212919581400,-0.423837776,6,HA6 2XL,6
406,Northwood Hills,510267,190305,51.600801977914300,-0.409311348,6,HA6 1NZ,6
407,Norwood Junction,534001,168193,51.39695420145060,-0.075209856,4,SE25 5AG,4
408,Notting Hill Gate,525296,180481,51.50937501801180,-0.195921616,1,W11 3HT,"1,2"
409,Nunhead,535293,175975,51.466579898861700,-0.053679742,2,SE15 3XE,2
410,Oakleigh Park,527001,194800,51.63767609370900,-0.166194965,4,EN5 1BU,4
411,Oakwood,529349,195968,51.64763774736000,-0.131853539,5,N14 4UT,5
412,Ockendon,559004,182828,51.52199012375080,0.29048348002345300,7,RM15 6PD,7
413,Old Street,532764,182474,51.525581330743000,-0.087622957,1,EC1V 9NR,1
414,Orpington,545500,165900,51.373520195924500,0.089028902,6,BR6 0SX,6
415,Osterley,514529,177094,51.48121623575930,-0.352096089,4,TW7 4PU,4
416,Oval,531108,177516,51.48141241737750,-0.113321075,2,SE11 4PP,2
417,Oxford Circus,529102,181227,51.51522317440170,-0.14083617,1,W1C 2JS,1
418,Paddington,526680,181185,51.51539350022650,-0.17573675,1,W2 1RH,1
419,Palmers Green,530925,192798,51.61878657015080,-0.110272499,4,N13 4PN,4
420,Park Royal,519074,182274,51.526833556086300,-0.284928913,3,W5 3EL,3
421,Parsons Green,525029,176645,51.47495982565950,-0.20112449,2,SW6 4HU,2
422,Peckham Rye,534152,176271,51.46951125269600,-0.069983553,2,SE15 5DQ,2
423,Penge East,535374,170791,51.419975262275900,-0.054495265,4,SE20 7BQ,4
424,Penge West,534952,170567,51.41806283133320,-0.060645764,4,SE20 8NU,4
425,Perivale,516404,183270,51.53634129467290,-0.323070416,4,UB6 7NP,4
426,Petts Wood,544440,167548,51.38859911569540,0.07448003,5,BR5 1LZ,5
427,Phipps Bridge,526534,168717,51.403376431529700,-0.182296787,3,CR4 3QN,"3,4,5,6"
428,Piccadilly Circus,529612,180625,51.50969653217060,-0.133711596,1,W1J 9HS,1
429,Pimlico,529711,178386,51.48955264664940,-0.133108257,1,SW1V 2JA,1
430,Pinner,512233,189409,51.59236105660720,-0.381223782,5,HA5 5LZ,5
431,Plaistow,540058,183305,51.53128836681780,0.017780641996985200,3,E13 0DY,3
432,Plumstead,544803,178820,51.48979256526220,0.084299617,4,SE18 7EA,4
433,Ponders End,536097,195599,51.642730637439400,-0.034525104,5,EN3 4LA,5
434,Pontoon Dock,541226,180102,51.502216272914400,0.033325708,3,E16 2SB,3
435,Poplar,537698,180603,51.507588044837600,-0.017275493,2,E14 0DS,2
436,Preston Road,518260,187292,51.57210324779930,-0.294972007,4,HA3 0PS,4
437,Prince Regent,541215,180905,51.50943460724030,0.033488574,3,E16 3HE,3
438,Pudding Mill Lane,537930,183585,51.534327836050600,-0.012768512,2,E15 2PH,"2,3"
439,Purfleet,555417,178174,51.48117339669360,0.23677483909718800,7,RM16 1PL,7
440,Purley,531500,161497,51.337363370371300,-0.113613517,6,CR8 2AP,6
441,Purley Oaks,532503,162594,51.34698918049690,-0.098815333,6,CR2 0ND,6
442,Putney,523992,175061,51.46095217815320,-0.216603371,2,SW15 1RT,"2,3"
443,Putney Bridge,524476,175842,51.46786499705640,-0.209365414,2,SW6 3UH,2
444,Queens Park,524612,183239,51.53431231776350,-0.204798147,2,NW6 6HJ,2
445,Queens Road Peckham,535015,176825,51.47428461792390,-0.057354979,2,SE15 2JR,2
446,Queensbury,518802,189728,51.59388250931330,-0.286331593,4,HA8 5NP,4
447,Queenstown Road,528763,176738,51.47495888831450,-0.147355311,2,SW8 3RX,2
448,Queensway,525883,180615,51.51044892854770,-0.187419901,1,W2 4SS,1
449,Rainham,552097,182099,51.517340830335700,0.1906919776381580,6,RM13 9YH,6
450,Ravensbourne,538699,170201,51.41387036990730,-0.006937816,4,BR3 5HE,4
451,Ravenscourt Park,522558,178711,51.4940676,-0.23596923,2,W6 0UG,2
452,Rayners Lane,512979,187538,51.575396127388500,-0.371060806,5,HA5 5EG,5
453,Raynes Park,523206,169303,51.409374971183600,-0.229912936,4,SW20 8NE,4
454,Reading,471527,173813,51.458784566812600,-0.971877621,9,RG1 1LZ,
455,Rectory Road,534001,186199,51.55876336735920,-0.068385664,2,N16 7QB,2
456,Redbridge,541833,188371,51.576366994360600,0.045394044087077400,4,IG4 5BG,4
457,Reedham,530835,160821,51.33144151324280,-0.123402624,6,CR8 2DG,6
458,Reeves Corner,531895,165726,51.375277028631000,-0.106379778,3,CR0 1XP,"3,4,5,6"
459,Regents Park,528765,182174,51.523810437772800,-0.14534441,1,NW1 5HA,1
460,Richmond,518072,175174,51.46323239395920,-0.301739129,4,TW9 2AZ,4
461,Rickmansworth,505717,194605,51.640322241933700,-0.473684571,7,WD3 1QY,7
462,Riddlesdown,532497,161001,51.332674670332900,-0.099493667,6,CR8 1HN,6
463,Roding Valley,541612,192882,51.61695652081230,0.044026207,4,IG9 6LN,4
464,Romford,551377,188455,51.57464189428390,0.18305527427581000,6,RM1 1SX,6
465,Rotherhithe,535239,179870,51.501594420702700,-0.052966296,2,SE16 4LF,2
466,Royal Albert,542029,180823,51.50849394631010,0.045177145189641400,3,E16 2QD,3
467,Royal Oak,525764,181485,51.51829405,-0.188823672,2,W2 6ET,2
468,Royal Victoria,540139,180833,51.50905526715450,0.017965412588985900,3,E16 1DE,3
469,Ruislip,509510,187102,51.572161233876200,-0.421234916,6,HA4 8LD,6
470,Ruislip Gardens,510367,185763,51.55995951052220,-0.409294101,5,HA4 6LG,5
471,Ruislip Manor,510088,187258,51.573450901149100,-0.412849344,6,HA4 9AA,6
472,Russell Square,530207,182122,51.523012836646200,-0.124590197,1,WC1N 1LG,1
473,Sanderstead,532855,162743,51.34824610257360,-0.0937085,6,CR2 0PL,6
474,Sandilands,533869,165749,51.37502214682390,-0.078026589,3,CR0 5PN,"3,4,5,6"
475,Selhurst,532993,167636,51.392185625136400,-0.089899037,4,SE25 6LL,4
476,Seven Kings,545401,187095,51.56399351215580,0.096319575,4,IG3 8RE,4
477,Seven Sisters,533646,188927,51.58336204399540,-0.072466823,3,N15 5LA,3
478,Shadwell,534936,180942,51.511300064669400,-0.056919207,2,E1 2QE,2
479,Shenfield,561356,195022,51.630873639892400,0.32995227076530600,7,CM15 8JD,7
480,Shepherds Bush,523741,179904,51.504531795613900,-0.218519157,2,W12 8LH,2
481,Shepherds Bush Market,523121,180039,51.50588033819020,-0.22740049,2,W12 7JD,2
482,Shoreditch High Street,533501,182258,51.523466695343100,-0.077087424,1,E1 6AW,1
483,Shortlands,539399,169300,51.40560237398420,0.002767544,4,BR2 0JA,4
484,Sidcup,546300,172698,51.43439862959480,0.10331535971945400,5,DA15 7AW,5
485,Silver Street,533544,192472,51.61524236180800,-0.072589741,4,N18 1QX,4
486,Slade Green,552250,176584,51.46774797004990,0.19051838969715900,6,DA8 2NX,6
487,Sloane Square,528080,178657,51.492359510480600,-0.156488856,1,SW1W 8BB,1
488,Slough,497838,180157,51.51187888370570,-0.591524825,9,SL1 1XW,
489,Snaresbrook,540161,188828,51.58089131157070,0.021463927810755000,4,E11 1QE,4
490,South Acton,520166,179279,51.49968538827370,-0.270215203,3,W3 0DS,3
491,South Bermondsey,535156,178319,51.48767652828430,-0.054754821,2,SE16 2PL,2
492,South Croydon,532896,164358,51.36275004887510,-0.092517363,5,CR2 7PA,5
493,South Ealing,517605,179437,51.50164352033090,-0.307040239,3,W5 4QB,3
494,South Greenford,515462,182991,51.53402700823880,-0.336737475,4,UB6 2WE,4
495,South Hampstead,526425,184081,51.54147655809490,-0.178371198,2,NW8 0DJ,2
496,South Harrow,514334,186376,51.56467959482170,-0.351893964,5,HA2 8HN,5
497,South Kensington,526865,178817,51.494071083255200,-0.173923021,1,SW7 2NB,1
498,South Kenton,517350,187153,51.571043947551300,-0.308142972,4,HA9 8QT,4
499,South Merton,524917,168662,51.403240220781200,-0.205550299,4,SW20 9JT,4
500,South Quay,537636,179853,51.50086357890650,-0.018460693,2,E14 9SH,2
501,South Ruislip,511080,185437,51.55688965147800,-0.399115901,5,HA4 6TP,5
502,South Tottenham,533697,188599,51.580402471228100,-0.071855956,3,N15 6ND,3
503,South Wimbledon,525828,170033,51.41536039779990,-0.191974544,3,SW19 1DE,"3,4"
504,South Woodford,540577,190026,51.59155266475490,0.027943078,4,E18 1JJ,4
505,Southall,512620,179804,51.50595629378950,-0.378711181,4,UB2 4AA,4
506,Southbury,534803,196199,51.648433641300100,-0.05298331,5,EN3 4HW,5
507,Southfields,524730,173291,51.44488297741000,-0.206609383,3,SW18 5RJ,3
508,Southgate,529675,194278,51.63237564173070,-0.127770046,4,N14 5BH,4
509,Southwark,531566,180025,51.50385344972170,-0.105794939,1,SE1 8NW,1
510,St Helier,525408,167191,51.38991183992140,-0.19901459,4,SM4 6SF,4
511,St James Street,536402,188694,51.580608613025800,-0.032804562,3,E17 7PJ,3
512,St Johns,537400,176298,51.46897525930410,-0.023240662,2,SE8 4EW,2
513,St Margarets,516732,174250,51.45520547,-0.321324242,4,TW1 2LH,4
514,St Mary Cray,546698,168298,51.39475958639220,0.10721790023829000,6,BR5 3SN,6
515,St Pancras,530122,182959,51.5305542,-0.125505781,1,NW1 2QP,1
516,St. James's Park,529629,179503,51.49960957772610,-0.133878754,1,SW1H 0BD,1
517,St. Johns Wood,526742,183352,51.53485412839330,-0.174064839,2,NW8 6DN,2
518,St. Pauls,532105,181261,51.514835138739900,-0.097571,1,EC2V 6AA,1
519,Stamford Brook,521913,178738,51.49444956856970,-0.245246306,2,W6 0SB,2
520,Stamford Hill,533381,187928,51.57444748083400,-0.076668342,3,N16 5AG,3
521,Stanmore,517574,192569,51.619672950483600,-0.303099288,5,HA7 4PD,5
522,Star Lane,539148,182091,51.52060426064490,0.004191003,3,E16 4SR,3
523,Stepney Green,535566,182149,51.521995758615500,-0.047382523,2,E1 4AQ,2
524,Stockwell,530473,176470,51.47215905711560,-0.122846303,2,SW9 9AE,2
525,Stoke Newington,533710,186845,51.56463749414500,-0.072335394,2,N16 6YA,2
526,Stonebridge Park,519690,184197,51.54398610565640,-0.275400437,3,NW10 0RW,3
527,Stoneleigh,522021,164155,51.363363646997900,-0.248709653,5,KT17 2JA,5
528,Stratford,538533,184421,51.54169257587400,-0.003751641,3,E15 1AZ,3
529,Stratford High Street,538729,184032,51.53814895,-0.001080356,3,E15 3PA,3
530,Stratford International,538175,184758,51.54480852,-0.008778434,3,E15 2LZ,3
531,Strawberry Hill,515500,172502,51.439747278051900,-0.339617724,5,TW1 4PP,5
532,Streatham,529946,171303,51.425845648377400,-0.132325496,3,SW16 6HP,3
533,Streatham Common,529729,170534,51.41898445090680,-0.135726164,3,SW16 5NT,3
534,Streatham Hill,530233,172714,51.43846015875230,-0.127681481,3,SW2 4PA,3
535,Sudbury and Harrow Road,516853,185300,51.55449327,-0.315926236,4,HA0 2HA,4
536,Sudbury Hill,515427,185584,51.55733901102980,-0.336392109,4,HA1 3RA,4
537,Sudbury Hill Harrow,515490,185697,51.55834172569070,-0.335446687,4,HA1 3RJ,4
538,Sudbury Town,516832,184955,51.55139692710830,-0.31634348,4,HA0 2LA,4
539,Sundridge Park,540599,170200,51.413393835270500,0.020365109,4,BR1 3TR,4
540,Surbiton,518070,167315,51.39259904,-0.304384554,6,KT6 4PE,6
541,Surrey Quays,535641,178954,51.49326678162280,-0.047529988,2,SE16 2UE,2
542,Sutton,526028,163823,51.35950582407130,-0.191302009,5,SM1 1JA,5
543,Sutton Common,525593,165598,51.375554374568200,-0.19691991,4,SM1 3HY,4
544,Swiss Cottage,526611,184259,51.54303456,-0.175626603,2,NW3 6HY,2
545,Sydenham,535311,171609,51.42734116410620,-0.055088671,3,SE26 5EU,3
546,Sydenham Hill,533548,172145,51.432575758635600,-0.080230208,3,SE21 7HW,3
547,Syon Lane,516306,177163,51.481474155405600,-0.326495028,4,TW7 5NT,4
548,Tadworth,523097,156199,51.29162747942280,-0.236008013,6,KT20 5SP,6
549,Taplow,491579,181340,51.52356084157690,-0.681384851,9,SL6 0NU,
550,Tattenham Corner,522593,158140,51.30918092,-0.242566269,6,KT18 5PR,6
551,Teddington,516019,170817,51.424496954268100,-0.332705331,6,TW11 9AA,6
552,Temple,530995,180810,51.51104042360470,-0.11372575,1,WC2R 2PH,1
553,Thames Ditton,515721,166818,51.388615519946200,-0.338292831,6,KT7 0PA,6
554,Theobalds Grove,535933,201119,51.69237253480550,-0.034748134,7,EN8 7BG,7
555,Therapia Lane,530290,166843,51.385685581839300,-0.129017106,3,CR0 3DD,"3,4,5,6"
556,Theydon Bois,545509,199180,51.67255225,0.10289073688168200,6,CM16 7EU,6
557,Thornton Heath,532242,168317,51.398480916027200,-0.100433165,4,CR7 8RX,4
558,Tolworth,519834,165603,51.37684286,-0.27962011,5,KT5 9NU,5
559,Tooting,527969,170591,51.41989637122430,-0.161002471,3,SW17 9JR,3
560,Tooting Bec,528015,172366,51.435837804955500,-0.159700491,3,SW17 9AH,3
561,Tooting Broadway,527415,171373,51.42704887092590,-0.168684526,3,SW17 0SU,3
562,Tottenham Court Road,529774,181354,51.516210657936200,-0.131110438,1,W1D 2DA,1
563,Tottenham Hale,534483,189465,51.58799768229060,-0.060187822,3,N17 9LR,3
564,Totteridge and Whetstone,526111,193951,51.63024642876390,-0.179354261,4,N20 9QP,4
565,Tower Gateway,533725,180809,51.51039252305750,-0.074409877,1,EC3N 1JL,1
566,Tower Hill,533566,180805,51.51039415022930,-0.076701198,1,EC3N 4DJ,1
567,Tufnell Park,529200,185816,51.55644057500820,-0.137742174,2,N19 5QB,2
568,Tulse Hill,531797,172903,51.43979726,-0.105122508,3,SE27 9BW,3
569,Turkey Street,535129,198903,51.67265358634990,-0.047229931,6,EN3 5TT,6
570,Turnham Green,521267,178804,51.49518152685560,-0.254524564,2,W4 1LR,2
571,Turnpike Lane,531524,189650,51.59035796825510,-0.102805041,3,N15 3NX,3
572,Twickenham,516221,173687,51.450250410920500,-0.32886022,5,TW1 1BD,5
573,Twyford,479041,175787,51.47553252815790,-0.863306993,9,RG10 9NA,
574,Upminster,556167,186833,51.558763771001500,0.2514008048009920,6,RM14 2TD,6
575,Upminster Bridge,555002,186681,51.55771918780090,0.23454189192904200,6,RM12 6PL,6
576,Upney,545844,184260,51.53840581666550,0.10153174466413700,4,IG11 9LS,4
577,Upper Holloway,529778,186630,51.56362309586850,-0.129109363,2,N19 4DJ,2
578,Upper Warlingham,534100,158383,51.308772130153500,-0.077481662,6,CR3 0EP,6
579,Upton Park,541204,183931,51.536628259878100,0.03454184,3,E13 9AP,3
580,Uxbridge,505698,184161,51.54645372786720,-0.477101546,6,UB8 1JZ,6
581,Vauxhall,530366,177978,51.48573560145270,-0.123829952,1,SW8 1SR,"1,2"
582,Victoria,528941,179131,51.49642371956770,-0.143920705,1,SW1E 5JX,1
583,Waddon,531151,164828,51.36737906715270,-0.117394076,5,CR0 4NA,5
584,Waddon Marsh,531082,165906,51.37708276115930,-0.117987464,3,CR0 4XT,"3,4,5,6"
585,Wallington,528841,163985,51.36033129956510,-0.150863834,5,SM6 0DZ,5
586,Waltham Cross,536520,200343,51.68525721552800,-0.026564257,7,EN8 7LU,7
587,Walthamstow Central,537286,188986,51.58301808337610,-0.019940545,3,E17 7LP,3
588,Walthamstow Queens Road,537020,188815,51.58154615511210,-0.023843943,3,E17 7QZ,3
589,Wandle Park,531422,165505,51.373400532627600,-0.11325332,3,CR0 4JS,"3,4,5,6"
590,Wandsworth Common,527719,173530,51.44636533894140,-0.163536979,3,SW12 8NL,3
591,Wandsworth Road,529354,176226,51.47022297701060,-0.139037675,2,SW8 4PA,2
592,Wandsworth Town,525985,175119,51.46103377041170,-0.187910036,2,SW18 1SU,2
593,Wanstead,540685,188176,51.574902199570900,0.028760472,4,E11 2NT,4
594,Wanstead Park,540592,185600,51.55177812,0.026389943051784700,3,E7 0HU,3
595,Wapping,535030,180170,51.50434022750500,-0.055860814,2,E1W 3PA,2
596,Warren Street,529253,182272,51.524579764761900,-0.138278331,1,NW1 3AA,1
597,Warwick Avenue,526158,182030,51.52310413807910,-0.182953291,2,W9 2PT,2
598,Waterloo,531050,179933,51.50314645678350,-0.113259251,1,SE1 7NY,1
599,Waterloo East,531332,180054,51.50416843357950,-0.109153637,1,SE1 8NH,1
600,Watford,509579,196610,51.65760442,-0.417269997,7,WD18 7LE,7
601,Watford High Street,511360,196098,51.65265306624420,-0.39169672,8,WD17 2EG,8
602,Watford Junction,511023,197340,51.66388236768590,-0.396171948,9,WD17 1ET,
603,Wellesley Road,532511,165752,51.375367381230300,-0.097524908,3,CR0 2DD,"3,4,5,6"
604,Welling,546096,176073,51.464777257658000,0.10177503908920600,4,DA16 3AT,4
605,Wembley Central,518214,185039,51.55186429753860,-0.296392322,4,HA9 6AG,4
606,Wembley Park,519373,186341,51.563322003491600,-0.279242548,4,HA9 9AA,4
607,Wembley Stadium,518924,185366,51.554654104755000,-0.286046442,4,HA9 8BQ,4
608,West Acton,519394,181273,51.51776969314100,-0.280657171,3,W3 6UP,3
609,West Brompton,525383,178030,51.48732859696140,-0.19553881,2,SW5 9JX,2
610,West Croydon,532188,166098,51.378552009432300,-0.102034292,5,CR0 2TA,5
611,West Drayton,506124,180122,51.510070447632700,-0.472176084,6,UB7 9DY,6
612,West Dulwich,532798,173053,51.440911675311900,-0.090672676,3,SE21 8HN,3
613,West Ealing,516690,180749,51.513624683972400,-0.319782949,3,W13 0NQ,3
614,West Finchley,525507,191601,51.60926242118550,-0.188917107,4,N3 1NT,4
615,West Ham,539202,182974,51.528525530727000,0.005317394,3,E15 3BN,3
616,West Hampstead,525524,184726,51.54747402267270,-0.191126583,2,NW6 2LX,2
617,West Hampstead Thameslink,525423,184852,51.548628809928900,-0.192537518,2,NW6 1XJ,2
618,West Harrow,514163,187957,51.578923661261700,-0.35384669,5,HA1 4HE,5
619,West India Quay,537471,180505,51.50676262660100,-0.020582447,2,E14 4ED,2
620,West Kensington,524635,178321,51.490109027210600,-0.206203692,2,W14 9NL,2
621,West Norwood,531956,171955,51.43124094913320,-0.103189134,3,SE27 0HS,3
622,West Ruislip,508364,186791,51.56958715703550,-0.437860134,6,HA4 7WD,6
623,West Silvertown,540455,180155,51.50288447390750,0.022246046681022400,3,E16 2AT,3
624,West Sutton,525081,164539,51.36614980218210,-0.204644546,5,SM1 2EH,5
625,West Wickham,538266,166563,51.38128418000950,-0.01457633,5,BR4 0PY,5
626,Westbourne Park,524920,181764,51.520988514909300,-0.200882513,2,W11 1AB,2
627,Westcombe Park,540199,178103,51.48450892773310,0.0177457,3,SE3 7EQ,3
628,Westferry,537064,180814,51.50963810743970,-0.026323137,2,E14 8AD,2
629,Westminster,530240,179718,51.501401389193300,-0.125002078,1,SW1A 2JR,1
630,White City,523296,180750,51.51223207227980,-0.224631929,2,W12 7RH,2
631,White Hart Lane,533693,191340,51.60503465751190,-0.070870327,3,N17 7RP,3
632,Whitechapel,534738,181859,51.51958769,-0.059420485,2,E1 1BY,2
633,Whitton,514220,173568,51.44958760708500,-0.357682053,5,TW2 7LG,5
634,Whyteleafe,533842,158505,51.309929187849900,-0.081135165,6,CR3 0AD,6
635,Whyteleafe South,534169,157797,51.30348968019660,-0.076712514,6,CR3 0BD,6
636,Willesden Green,523350,184884,51.54937292482700,-0.222407601,2,NW2 4QT,"2,3"
637,Willesden Junction,521905,182942,51.53223356661700,-0.24390914,3,NW10 4RA,3
638,Wimbledon,524791,170647,51.42110751,-0.206662833,3,SW19 1PS,3
639,Wimbledon Chase,524306,169347,51.40953058388220,-0.214089767,3,SW20 8DB,3
640,Wimbledon Park,525274,172158,51.43458063,-0.199186273,3,SW19 7DZ,3
641,Winchmore Hill,531529,194494,51.63388669665080,-0.100916933,4,N21 3NG,4
642,Wood Green,531038,190427,51.59745355165760,-0.109526589,3,N22 8HH,3
643,Wood Lane,523314,180464,51.50965783,-0.224472606,2,W12 7DS,2
644,Wood Street,538521,189426,51.586669943466400,-0.001953898,4,E17 3NZ,4
645,Woodford,540952,191778,51.607201902790300,0.034056202416626000,4,IG8 7QE,4
646,Woodgrange Park,541861,185332,51.54905261091030,0.044572496,3,E7 8AA,"3,4"
647,Woodmansterne,528720,159385,51.31901833,-0.154262127,6,CR5 3HS,6
648,Woodside,534716,167115,51.38709757861520,-0.065347178,3,SE25 5DP,"3,4,5,6"
649,Woodside Park,525725,192564,51.61786809900360,-0.185425503,4,N12 8SE,4
650,Woolwich,543931,178994,51.4915785,0.071819379,4,SE18 6EU,4
651,Woolwich Arsenal,543754,178803,51.48990723258590,0.069193907,4,SE18 6HX,4
652,Woolwich Dockyard,542738,178908,51.49110788693790,0.054612348,3,SE18 5JY,3
653,Worcester Park,522192,166133,51.381104087182900,-0.245575288,4,KT4 7ND,4